{
    "Block": {
        "Block": {
            "prob": 0.7175004467365886,
            "n_obs": 6.884233454094308
        },
        "Guard_jump": {
            "prob": 0.1078804311483307,
            "n_obs": 1.0350851717672993
        },
        "Button": {
            "prob": 0.11830280353766133,
            "n_obs": 1.1350851717672992
        },
        "Throw": {
            "prob": 0.014079079644354878,
            "n_obs": 0.13508517176729928
        },
        "Reversal": {
            "prob": 0.014079079644354878,
            "n_obs": 0.13508517176729928
        },
        "Parry_high": {
            "prob": 0.014079079644354878,
            "n_obs": 0.13508517176729928
        },
        "Parry_low": {
            "prob": 0.014079079644354878,
            "n_obs": 0.13508517176729928
        }
    },
    "Guard_jump": {
        "Block": {
            "prob": 0.23910171730515187,
            "n_obs": 1.81
        },
        "Guard_jump": {
            "prob": 0.22589167767503296,
            "n_obs": 1.71
        },
        "Button": {
            "prob": 0.107001321003963,
            "n_obs": 0.81
        },
        "Throw": {
            "prob": 0.107001321003963,
            "n_obs": 0.81
        },
        "Reversal": {
            "prob": 0.107001321003963,
            "n_obs": 0.81
        },
        "Parry_high": {
            "prob": 0.107001321003963,
            "n_obs": 0.81
        },
        "Parry_low": {
            "prob": 0.107001321003963,
            "n_obs": 0.81
        }
    },
    "Button": {
        "Block": {
            "prob": 0.14285714285714285,
            "n_obs": 1.0
        },
        "Guard_jump": {
            "prob": 0.14285714285714285,
            "n_obs": 1.0
        },
        "Button": {
            "prob": 0.14285714285714285,
            "n_obs": 1.0
        },
        "Throw": {
            "prob": 0.14285714285714285,
            "n_obs": 1.0
        },
        "Reversal": {
            "prob": 0.14285714285714285,
            "n_obs": 1.0
        },
        "Parry_high": {
            "prob": 0.14285714285714285,
            "n_obs": 1.0
        },
        "Parry_low": {
            "prob": 0.14285714285714285,
            "n_obs": 1.0
        }
    },
    "Throw": {
        "Block": {
            "prob": 0.14285714285714285,
            "n_obs": 1.0
        },
        "Guard_jump": {
            "prob": 0.14285714285714285,
            "n_obs": 1.0
        },
        "Button": {
            "prob": 0.14285714285714285,
            "n_obs": 1.0
        },
        "Throw": {
            "prob": 0.14285714285714285,
            "n_obs": 1.0
        },
        "Reversal": {
            "prob": 0.14285714285714285,
            "n_obs": 1.0
        },
        "Parry_high": {
            "prob": 0.14285714285714285,
            "n_obs": 1.0
        },
        "Parry_low": {
            "prob": 0.14285714285714285,
            "n_obs": 1.0
        }
    },
    "Reversal": {
        "Block": {
            "prob": 0.14285714285714285,
            "n_obs": 1.0
        },
        "Guard_jump": {
            "prob": 0.14285714285714285,
            "n_obs": 1.0
        },
        "Button": {
            "prob": 0.14285714285714285,
            "n_obs": 1.0
        },
        "Throw": {
            "prob": 0.14285714285714285,
            "n_obs": 1.0
        },
        "Reversal": {
            "prob": 0.14285714285714285,
            "n_obs": 1.0
        },
        "Parry_high": {
            "prob": 0.14285714285714285,
            "n_obs": 1.0
        },
        "Parry_low": {
            "prob": 0.14285714285714285,
            "n_obs": 1.0
        }
    },
    "Parry_high": {
        "Block": {
            "prob": 0.14285714285714285,
            "n_obs": 1.0
        },
        "Guard_jump": {
            "prob": 0.14285714285714285,
            "n_obs": 1.0
        },
        "Button": {
            "prob": 0.14285714285714285,
            "n_obs": 1.0
        },
        "Throw": {
            "prob": 0.14285714285714285,
            "n_obs": 1.0
        },
        "Reversal": {
            "prob": 0.14285714285714285,
            "n_obs": 1.0
        },
        "Parry_high": {
            "prob": 0.14285714285714285,
            "n_obs": 1.0
        },
        "Parry_low": {
            "prob": 0.14285714285714285,
            "n_obs": 1.0
        }
    },
    "Parry_low": {
        "Block": {
            "prob": 0.14285714285714285,
            "n_obs": 1.0
        },
        "Guard_jump": {
            "prob": 0.14285714285714285,
            "n_obs": 1.0
        },
        "Button": {
            "prob": 0.14285714285714285,
            "n_obs": 1.0
        },
        "Throw": {
            "prob": 0.14285714285714285,
            "n_obs": 1.0
        },
        "Reversal": {
            "prob": 0.14285714285714285,
            "n_obs": 1.0
        },
        "Parry_high": {
            "prob": 0.14285714285714285,
            "n_obs": 1.0
        },
        "Parry_low": {
            "prob": 0.14285714285714285,
            "n_obs": 1.0
        }
    }
}