{
    "Block": {
        "Block": {
            "prob": 0.8946669337473655,
            "n_obs": 8.49905364703001
        },
        "Guard_jump": {
            "prob": 0.017555511042105662,
            "n_obs": 0.16677181699666577
        },
        "Button": {
            "prob": 0.017555511042105662,
            "n_obs": 0.16677181699666577
        },
        "Throw": {
            "prob": 0.017555511042105662,
            "n_obs": 0.16677181699666577
        },
        "Reversal": {
            "prob": 0.017555511042105662,
            "n_obs": 0.16677181699666577
        },
        "Parry_high": {
            "prob": 0.017555511042105662,
            "n_obs": 0.16677181699666577
        },
        "Parry_low": {
            "prob": 0.017555511042105662,
            "n_obs": 0.16677181699666577
        }
    },
    "Guard_jump": {
        "Block": {
            "prob": 0.14285714285714285,
            "n_obs": 1.0
        },
        "Guard_jump": {
            "prob": 0.14285714285714285,
            "n_obs": 1.0
        },
        "Button": {
            "prob": 0.14285714285714285,
            "n_obs": 1.0
        },
        "Throw": {
            "prob": 0.14285714285714285,
            "n_obs": 1.0
        },
        "Reversal": {
            "prob": 0.14285714285714285,
            "n_obs": 1.0
        },
        "Parry_high": {
            "prob": 0.14285714285714285,
            "n_obs": 1.0
        },
        "Parry_low": {
            "prob": 0.14285714285714285,
            "n_obs": 1.0
        }
    },
    "Button": {
        "Block": {
            "prob": 0.14285714285714285,
            "n_obs": 1.0
        },
        "Guard_jump": {
            "prob": 0.14285714285714285,
            "n_obs": 1.0
        },
        "Button": {
            "prob": 0.14285714285714285,
            "n_obs": 1.0
        },
        "Throw": {
            "prob": 0.14285714285714285,
            "n_obs": 1.0
        },
        "Reversal": {
            "prob": 0.14285714285714285,
            "n_obs": 1.0
        },
        "Parry_high": {
            "prob": 0.14285714285714285,
            "n_obs": 1.0
        },
        "Parry_low": {
            "prob": 0.14285714285714285,
            "n_obs": 1.0
        }
    },
    "Throw": {
        "Block": {
            "prob": 0.14285714285714285,
            "n_obs": 1.0
        },
        "Guard_jump": {
            "prob": 0.14285714285714285,
            "n_obs": 1.0
        },
        "Button": {
            "prob": 0.14285714285714285,
            "n_obs": 1.0
        },
        "Throw": {
            "prob": 0.14285714285714285,
            "n_obs": 1.0
        },
        "Reversal": {
            "prob": 0.14285714285714285,
            "n_obs": 1.0
        },
        "Parry_high": {
            "prob": 0.14285714285714285,
            "n_obs": 1.0
        },
        "Parry_low": {
            "prob": 0.14285714285714285,
            "n_obs": 1.0
        }
    },
    "Reversal": {
        "Block": {
            "prob": 0.14285714285714285,
            "n_obs": 1.0
        },
        "Guard_jump": {
            "prob": 0.14285714285714285,
            "n_obs": 1.0
        },
        "Button": {
            "prob": 0.14285714285714285,
            "n_obs": 1.0
        },
        "Throw": {
            "prob": 0.14285714285714285,
            "n_obs": 1.0
        },
        "Reversal": {
            "prob": 0.14285714285714285,
            "n_obs": 1.0
        },
        "Parry_high": {
            "prob": 0.14285714285714285,
            "n_obs": 1.0
        },
        "Parry_low": {
            "prob": 0.14285714285714285,
            "n_obs": 1.0
        }
    },
    "Parry_high": {
        "Block": {
            "prob": 0.14285714285714285,
            "n_obs": 1.0
        },
        "Guard_jump": {
            "prob": 0.14285714285714285,
            "n_obs": 1.0
        },
        "Button": {
            "prob": 0.14285714285714285,
            "n_obs": 1.0
        },
        "Throw": {
            "prob": 0.14285714285714285,
            "n_obs": 1.0
        },
        "Reversal": {
            "prob": 0.14285714285714285,
            "n_obs": 1.0
        },
        "Parry_high": {
            "prob": 0.14285714285714285,
            "n_obs": 1.0
        },
        "Parry_low": {
            "prob": 0.14285714285714285,
            "n_obs": 1.0
        }
    },
    "Parry_low": {
        "Block": {
            "prob": 0.14285714285714285,
            "n_obs": 1.0
        },
        "Guard_jump": {
            "prob": 0.14285714285714285,
            "n_obs": 1.0
        },
        "Button": {
            "prob": 0.14285714285714285,
            "n_obs": 1.0
        },
        "Throw": {
            "prob": 0.14285714285714285,
            "n_obs": 1.0
        },
        "Reversal": {
            "prob": 0.14285714285714285,
            "n_obs": 1.0
        },
        "Parry_high": {
            "prob": 0.14285714285714285,
            "n_obs": 1.0
        },
        "Parry_low": {
            "prob": 0.14285714285714285,
            "n_obs": 1.0
        }
    }
}