{
    "weights": {
        "Block": {
            "Block": {
                "prob": 0.14285714285714285,
                "n_obs": 1.0
            },
            "Guard_jump": {
                "prob": 0.14285714285714285,
                "n_obs": 1.0
            },
            "Button": {
                "prob": 0.14285714285714285,
                "n_obs": 1.0
            },
            "Throw": {
                "prob": 0.14285714285714285,
                "n_obs": 1.0
            },
            "Reversal": {
                "prob": 0.14285714285714285,
                "n_obs": 1.0
            },
            "Parry_high": {
                "prob": 0.14285714285714285,
                "n_obs": 1.0
            },
            "Parry_low": {
                "prob": 0.14285714285714285,
                "n_obs": 1.0
            }
        },
        "Guard_jump": {
            "Block": {
                "prob": 0.04383706165931217,
                "n_obs": 0.38742048900000015
            },
            "Guard_jump": {
                "prob": 0.736977630044127,
                "n_obs": 6.5132155990000005
            },
            "Button": {
                "prob": 0.04383706165931217,
                "n_obs": 0.38742048900000015
            },
            "Throw": {
                "prob": 0.04383706165931217,
                "n_obs": 0.38742048900000015
            },
            "Reversal": {
                "prob": 0.04383706165931217,
                "n_obs": 0.38742048900000015
            },
            "Parry_high": {
                "prob": 0.04383706165931217,
                "n_obs": 0.38742048900000015
            },
            "Parry_low": {
                "prob": 0.04383706165931217,
                "n_obs": 0.38742048900000015
            }
        },
        "Button": {
            "Block": {
                "prob": 0.14285714285714285,
                "n_obs": 1.0
            },
            "Guard_jump": {
                "prob": 0.14285714285714285,
                "n_obs": 1.0
            },
            "Button": {
                "prob": 0.14285714285714285,
                "n_obs": 1.0
            },
            "Throw": {
                "prob": 0.14285714285714285,
                "n_obs": 1.0
            },
            "Reversal": {
                "prob": 0.14285714285714285,
                "n_obs": 1.0
            },
            "Parry_high": {
                "prob": 0.14285714285714285,
                "n_obs": 1.0
            },
            "Parry_low": {
                "prob": 0.14285714285714285,
                "n_obs": 1.0
            }
        },
        "Throw": {
            "Block": {
                "prob": 0.14285714285714285,
                "n_obs": 1.0
            },
            "Guard_jump": {
                "prob": 0.14285714285714285,
                "n_obs": 1.0
            },
            "Button": {
                "prob": 0.14285714285714285,
                "n_obs": 1.0
            },
            "Throw": {
                "prob": 0.14285714285714285,
                "n_obs": 1.0
            },
            "Reversal": {
                "prob": 0.14285714285714285,
                "n_obs": 1.0
            },
            "Parry_high": {
                "prob": 0.14285714285714285,
                "n_obs": 1.0
            },
            "Parry_low": {
                "prob": 0.14285714285714285,
                "n_obs": 1.0
            }
        },
        "Reversal": {
            "Block": {
                "prob": 0.14285714285714285,
                "n_obs": 1.0
            },
            "Guard_jump": {
                "prob": 0.14285714285714285,
                "n_obs": 1.0
            },
            "Button": {
                "prob": 0.14285714285714285,
                "n_obs": 1.0
            },
            "Throw": {
                "prob": 0.14285714285714285,
                "n_obs": 1.0
            },
            "Reversal": {
                "prob": 0.14285714285714285,
                "n_obs": 1.0
            },
            "Parry_high": {
                "prob": 0.14285714285714285,
                "n_obs": 1.0
            },
            "Parry_low": {
                "prob": 0.14285714285714285,
                "n_obs": 1.0
            }
        },
        "Parry_high": {
            "Block": {
                "prob": 0.14285714285714285,
                "n_obs": 1.0
            },
            "Guard_jump": {
                "prob": 0.14285714285714285,
                "n_obs": 1.0
            },
            "Button": {
                "prob": 0.14285714285714285,
                "n_obs": 1.0
            },
            "Throw": {
                "prob": 0.14285714285714285,
                "n_obs": 1.0
            },
            "Reversal": {
                "prob": 0.14285714285714285,
                "n_obs": 1.0
            },
            "Parry_high": {
                "prob": 0.14285714285714285,
                "n_obs": 1.0
            },
            "Parry_low": {
                "prob": 0.14285714285714285,
                "n_obs": 1.0
            }
        },
        "Parry_low": {
            "Block": {
                "prob": 0.14285714285714285,
                "n_obs": 1.0
            },
            "Guard_jump": {
                "prob": 0.14285714285714285,
                "n_obs": 1.0
            },
            "Button": {
                "prob": 0.14285714285714285,
                "n_obs": 1.0
            },
            "Throw": {
                "prob": 0.14285714285714285,
                "n_obs": 1.0
            },
            "Reversal": {
                "prob": 0.14285714285714285,
                "n_obs": 1.0
            },
            "Parry_high": {
                "prob": 0.14285714285714285,
                "n_obs": 1.0
            },
            "Parry_low": {
                "prob": 0.14285714285714285,
                "n_obs": 1.0
            }
        }
    },
    "correct_predictions": [
        1,
        1,
        1,
        1,
        1
    ]
}