{
    "weights": {
        "Block": {
            "Block": {
                "prob": 0.14285714285714285,
                "n_obs": 1.0
            },
            "Guard_jump": {
                "prob": 0.14285714285714285,
                "n_obs": 1.0
            },
            "Button": {
                "prob": 0.14285714285714285,
                "n_obs": 1.0
            },
            "Throw": {
                "prob": 0.14285714285714285,
                "n_obs": 1.0
            },
            "Reversal": {
                "prob": 0.14285714285714285,
                "n_obs": 1.0
            },
            "Parry_high": {
                "prob": 0.14285714285714285,
                "n_obs": 1.0
            },
            "Parry_low": {
                "prob": 0.14285714285714285,
                "n_obs": 1.0
            }
        },
        "Guard_jump": {
            "Block": {
                "prob": 0.00046448611004830083,
                "n_obs": 0.004638397686588107
            },
            "Guard_jump": {
                "prob": 0.9972130833397105,
                "n_obs": 9.95825442082071
            },
            "Button": {
                "prob": 0.00046448611004830083,
                "n_obs": 0.004638397686588107
            },
            "Throw": {
                "prob": 0.00046448611004830083,
                "n_obs": 0.004638397686588107
            },
            "Reversal": {
                "prob": 0.00046448611004830083,
                "n_obs": 0.004638397686588107
            },
            "Parry_high": {
                "prob": 0.00046448611004830083,
                "n_obs": 0.004638397686588107
            },
            "Parry_low": {
                "prob": 0.00046448611004830083,
                "n_obs": 0.004638397686588107
            }
        },
        "Button": {
            "Block": {
                "prob": 0.14285714285714285,
                "n_obs": 1.0
            },
            "Guard_jump": {
                "prob": 0.14285714285714285,
                "n_obs": 1.0
            },
            "Button": {
                "prob": 0.14285714285714285,
                "n_obs": 1.0
            },
            "Throw": {
                "prob": 0.14285714285714285,
                "n_obs": 1.0
            },
            "Reversal": {
                "prob": 0.14285714285714285,
                "n_obs": 1.0
            },
            "Parry_high": {
                "prob": 0.14285714285714285,
                "n_obs": 1.0
            },
            "Parry_low": {
                "prob": 0.14285714285714285,
                "n_obs": 1.0
            }
        },
        "Throw": {
            "Block": {
                "prob": 0.14285714285714285,
                "n_obs": 1.0
            },
            "Guard_jump": {
                "prob": 0.14285714285714285,
                "n_obs": 1.0
            },
            "Button": {
                "prob": 0.14285714285714285,
                "n_obs": 1.0
            },
            "Throw": {
                "prob": 0.14285714285714285,
                "n_obs": 1.0
            },
            "Reversal": {
                "prob": 0.14285714285714285,
                "n_obs": 1.0
            },
            "Parry_high": {
                "prob": 0.14285714285714285,
                "n_obs": 1.0
            },
            "Parry_low": {
                "prob": 0.14285714285714285,
                "n_obs": 1.0
            }
        },
        "Reversal": {
            "Block": {
                "prob": 0.14285714285714285,
                "n_obs": 1.0
            },
            "Guard_jump": {
                "prob": 0.14285714285714285,
                "n_obs": 1.0
            },
            "Button": {
                "prob": 0.14285714285714285,
                "n_obs": 1.0
            },
            "Throw": {
                "prob": 0.14285714285714285,
                "n_obs": 1.0
            },
            "Reversal": {
                "prob": 0.14285714285714285,
                "n_obs": 1.0
            },
            "Parry_high": {
                "prob": 0.14285714285714285,
                "n_obs": 1.0
            },
            "Parry_low": {
                "prob": 0.14285714285714285,
                "n_obs": 1.0
            }
        },
        "Parry_high": {
            "Block": {
                "prob": 0.14285714285714285,
                "n_obs": 1.0
            },
            "Guard_jump": {
                "prob": 0.14285714285714285,
                "n_obs": 1.0
            },
            "Button": {
                "prob": 0.14285714285714285,
                "n_obs": 1.0
            },
            "Throw": {
                "prob": 0.14285714285714285,
                "n_obs": 1.0
            },
            "Reversal": {
                "prob": 0.14285714285714285,
                "n_obs": 1.0
            },
            "Parry_high": {
                "prob": 0.14285714285714285,
                "n_obs": 1.0
            },
            "Parry_low": {
                "prob": 0.14285714285714285,
                "n_obs": 1.0
            }
        },
        "Parry_low": {
            "Block": {
                "prob": 0.14285714285714285,
                "n_obs": 1.0
            },
            "Guard_jump": {
                "prob": 0.14285714285714285,
                "n_obs": 1.0
            },
            "Button": {
                "prob": 0.14285714285714285,
                "n_obs": 1.0
            },
            "Throw": {
                "prob": 0.14285714285714285,
                "n_obs": 1.0
            },
            "Reversal": {
                "prob": 0.14285714285714285,
                "n_obs": 1.0
            },
            "Parry_high": {
                "prob": 0.14285714285714285,
                "n_obs": 1.0
            },
            "Parry_low": {
                "prob": 0.14285714285714285,
                "n_obs": 1.0
            }
        }
    },
    "correct_predictions": [
        1,
        1,
        1,
        1,
        1
    ]
}