{
    "Throw": {
        "Throw": {
            "prob": 0.7459245143865962,
            "n_obs": 7.0058101086848765
        },
        "Delayed_tc": {
            "prob": 0.012944542548162366,
            "n_obs": 0.12157665459056936
        },
        "Meaty_high": {
            "prob": 0.012944542548162366,
            "n_obs": 0.12157665459056936
        },
        "Meaty_low": {
            "prob": 0.11941681382224355,
            "n_obs": 1.1215766545905694
        },
        "Shimmy_lp": {
            "prob": 0.10876958669483541,
            "n_obs": 1.0215766545905693
        }
    },
    "Delayed_tc": {
        "Throw": {
            "prob": 0.2,
            "n_obs": 1.0
        },
        "Delayed_tc": {
            "prob": 0.2,
            "n_obs": 1.0
        },
        "Meaty_high": {
            "prob": 0.2,
            "n_obs": 1.0
        },
        "Meaty_low": {
            "prob": 0.2,
            "n_obs": 1.0
        },
        "Shimmy_lp": {
            "prob": 0.2,
            "n_obs": 1.0
        }
    },
    "Meaty_high": {
        "Throw": {
            "prob": 0.2,
            "n_obs": 1.0
        },
        "Delayed_tc": {
            "prob": 0.2,
            "n_obs": 1.0
        },
        "Meaty_high": {
            "prob": 0.2,
            "n_obs": 1.0
        },
        "Meaty_low": {
            "prob": 0.2,
            "n_obs": 1.0
        },
        "Shimmy_lp": {
            "prob": 0.2,
            "n_obs": 1.0
        }
    },
    "Meaty_low": {
        "Throw": {
            "prob": 0.2,
            "n_obs": 1.0
        },
        "Delayed_tc": {
            "prob": 0.2,
            "n_obs": 1.0
        },
        "Meaty_high": {
            "prob": 0.2,
            "n_obs": 1.0
        },
        "Meaty_low": {
            "prob": 0.2,
            "n_obs": 1.0
        },
        "Shimmy_lp": {
            "prob": 0.2,
            "n_obs": 1.0
        }
    },
    "Shimmy_lp": {
        "Throw": {
            "prob": 0.34545454545454546,
            "n_obs": 1.9
        },
        "Delayed_tc": {
            "prob": 0.16363636363636364,
            "n_obs": 0.9
        },
        "Meaty_high": {
            "prob": 0.16363636363636364,
            "n_obs": 0.9
        },
        "Meaty_low": {
            "prob": 0.16363636363636364,
            "n_obs": 0.9
        },
        "Shimmy_lp": {
            "prob": 0.16363636363636364,
            "n_obs": 0.9
        }
    }
}